日時,作業者,作業内容,対象ファイル,環境,方法,目的,ステータス,備考
2025-08-13 10:10,Claude Code,環境クリーンアップスクリプト作成,scripts/cleanup-environment.sh,ローカル,新規作成,開発効率化,完了,プロセス重複問題解決
2025-08-13 10:05,Claude Code,CLAUDE.md作成,CLAUDE.md,ローカル,新規作成,情報永続化,完了,SSH情報・開発規約記録
2025-08-13 09:55,Claude Code,LINE Provider設定修正,src/lib/auth.ts,VPS,SCP転送・編集,認証問題解決,完了,id_token_signed_response_alg追加
2025-08-13 09:50,Claude Code,LINE debugページ作成,src/app/auth/line-debug/page.tsx,VPS,SCP転送・新規作成,デバッグ強化,完了,専用テスト環境
2025-08-13 09:45,Claude Code,VPS Next.jsプロセス停止,/var/www/uchi,VPS,SSH・systemctl,環境クリーン化,完了,重複プロセス4個削除
2025-08-13 09:40,Claude Code,ConoHa VPS SSH接続復旧,key-2025-08-03-13-24.pem,ローカル→VPS,SSH鍵認証,アクセス復旧,完了,正しい鍵ファイル使用
2025-08-10 16:25,Claude Code,環境変数付き起動スクリプト,start-with-env.sh,VPS,新規作成,安定起動,完了,環境変数の確実な読み込み
2025-08-10 15:20,Claude Code,Google OAuth認証成功確認,src/lib/auth.ts,VPS,設定修正,認証機能,完了,本番環境で動作確認
2025-08-10 14:30,Claude Code,Prismaマイグレーション適用,prisma/migrations,VPS,コマンド実行,DB同期,完了,ベースライン設定
2025-08-10 13:45,Claude Code,Let's Encrypt SSL証明書取得,/etc/letsencrypt,VPS,certbot実行,HTTPS化,完了,自動更新設定
2025-08-10 12:30,Claude Code,Nginx設定追加,/etc/nginx/sites-available/uchinokiroku.com,VPS,設定ファイル編集,リバースプロキシ,完了,大容量ヘッダー対応
2025-08-10 11:15,Claude Code,独自ドメイン設定,DNS・環境変数,namecheap・VPS,DNS設定・Next.js設定,本番化,完了,uchinokiroku.com運用開始
2025-08-09 16:00,Claude Code,Docker環境整備,docker-compose.yml・Dockerfile,ローカル,設定ファイル作成,開発環境,完了,Next.js 15対応
2025-08-06 14:20,Claude Code,プロジェクト初期セットアップ,package.json・各種設定,ローカル,npm install・設定,基盤構築,完了,Next.js 15 + Prisma + Tailwind2025-08-13 10:02,Claude Code,代行作業ログシステム構築,docs/代行作業log/,ローカル,新規作成,作業履歴管理効率化,完了,CSV・Markdown・スクリプト一式
2025-08-13 10:08,Claude Code,LINE Login email必須問題修正,prisma/schema.prisma・users table,VPS,SQL ALTER TABLE・Prisma再生成,LINE認証でemail未提供問題解決,完了,users.email NULL許可・Next.js再起動
2025-08-13 10:12,Claude Code,LINE Login認証成功確認,全システム,本番環境,実機テスト,認証機能の完全動作確認,完了,Chrome・Firefox両方で成功・本格運用開始
2025-08-13 10:38,Claude Code,ダークモード対応・視認性改善,src/components/PasswordGate.tsx・tailwind.config.ts,VPS,CSS修正・Tailwind設定,Safari・macOSダークモード視認性向上,完了,入力フィールド・テキストのコントラスト改善
2025-08-13 10:58,Claude Code,Phase 1 CI/CD基本設定完了,CI/CD自動化,ローカル・GitHub,GitHub Actions設定・プッシュ,CI/CD Phase1基本インフラ構築,完了,完了
2025-08-13 11:02,Claude Code,Phase 2 CI/CD自動デプロイ設定完了,.github/workflows/deploy.yml・CI/CDドキュメント,ローカル・GitHub,GitHub Actions設定・ドキュメント作成,完全なCI/CDパイプライン構築,完了,完了
2025-08-15 10:00,Claude Code,Windows開発環境セットアップ,Docker・npm・SSH,Windows,環境構築,F003準備作業,完了,Node.js・Docker・SSH鍵設定
2025-08-15 11:00,Claude Code,F003問題点分析,src/app/articles/new/page.tsx,Windows,コード分析,記事追加ページ改善,完了,モバイルUI・プレビュー・下書き機能不足
2025-08-15 12:30,Claude Code,モバイルUI最適化実装,src/app/articles/new/page.tsx,Windows,コード編集,ユーザビリティ向上,完了,touch-manipulation・レスポンシブ対応
2025-08-15 13:30,Claude Code,Markdownプレビュー機能実装,src/components/MarkdownPreview.tsx,Windows,新規作成,記事作成体験向上,完了,リアルタイム・サイドバイサイド表示
2025-08-15 14:30,Claude Code,自動下書き保存機能実装,src/app/api/articles/draft/route.ts,Windows,新規作成・編集,データ保護,完了,LocalStorage・2秒間隔自動保存
2025-08-15 15:30,Claude Code,F003統合テスト・デプロイ,全体システム,Windows・VPS,テスト・デプロイ,本番環境反映,完了,TypeScript型チェック・git push・VPS更新
2025-08-15 10:52,Claude Code,作業記録システム改善提案完成,WORKFLOW_IMPROVEMENT,Windows,TodoWrite自動更新,WORKFLOW_IMPROVEMENT実装,completed,自動記録
2025-08-15 10:56,Claude Code,新ワークフロー採用・運用開始決定,WORKFLOW_ADOPTION,Windows,TodoWrite自動更新,WORKFLOW_ADOPTION実装,completed,自動記録
2025-08-15 10:57,Claude Code,カテゴリ→タグ統合作業開始,F004,Windows,TodoWrite自動更新,F004実装,in_progress,自動記録
2025-08-15 10:58,Claude Code,現在のカテゴリシステム分析完了,F004,Windows,TodoWrite自動更新,F004実装,completed,自動記録
2025-08-15 10:59,Claude Code,タグ統合設計案策定完了,F004,Windows,TodoWrite自動更新,F004実装,completed,自動記録
2025-08-15 11:00,Claude Code,データベースマイグレーション計画完了,F004,Windows,TodoWrite自動更新,F004実装,completed,自動記録
2025-08-15 11:02,Claude Code,UIコンポーネント更新着手・TagSelector作成完了,F004,Windows,TodoWrite自動更新,F004実装,in_progress,自動記録
2025-08-15 11:05,Claude Code,UIコンポーネント更新・TagSelector統合完了,F004,Windows,TodoWrite自動更新,F004実装,completed,自動記録
2025-08-15 11:09,Claude Code,データ移行実行完了・統合テスト着手,F004,Windows,TodoWrite自動更新,F004実装,completed,自動記録
2025-08-15 11:10,Claude Code,F004カテゴリ→タグ統合機能実装完了・コミット済み,F004,Windows,TodoWrite自動更新,F004実装,completed,自動記録
2025-08-15 11:11,Claude Code,午前作業報告書作成完了,MORNING_REPORT,Windows,TodoWrite自動更新,MORNING_REPORT実装,completed,自動記録
